
CREATE TABLE PLAN (CODIGO_PLAN VARCHAR2(10) PRIMARY KEY, 
                  NOMBRE VARCHAR2(50), 
                  ENTIDAD_FINANCIADORA VARCHAR2(50));

CREATE TABLE PROYECTO(CODIGO_PROYECTO CHAR(2) PRIMARY KEY,
                      CODIGO_PLAN VARCHAR2(10),
                      NOMBRE VARCHAR2(15),
                      FECHA_INICIO DATE,
                      FECHA_FIN DATE,
                      PRESUPUESTO NUMBER(6));
ALTER TABLE PROYECTO 
ADD FOREIGN KEY (CODIGO_PLAN) REFERENCES PLAN(CODIGO_PLAN);

CREATE TABLE INVESTIGADOR (DNI_INVESTIGADOR VARCHAR2(10) PRIMARY KEY,
                          NOMBRE VARCHAR2(40),
                          CIUDAD VARCHAR2(25),
                          TELEFONO VARCHAR2(15));                    
                          
CREATE TABLE ASIGNADO_A(CODIGO_PROYECTO CHAR(2),
                        DNI_INVESTIGADOR VARCHAR2(10),
                        FECHA_INICIO DATE,
                        FECHA_FIN DATE,
                        TIPO_PARTICIPACION VARCHAR2(20),
                        PRIMARY KEY(CODIGO_PROYECTO, DNI_INVESTIGADOR ));
ALTER TABLE ASIGNADO_A 
ADD FOREIGN KEY ( DNI_INVESTIGADOR ) REFERENCES INVESTIGADOR( DNI_INVESTIGADOR );
ALTER TABLE ASIGNADO_A 
ADD FOREIGN KEY (CODIGO_PROYECTO) REFERENCES PROYECTO (CODIGO_PROYECTO);


/* ************************************************************************************* */
/* INSERCIÓN DE VALORES */
/* ************************************************************************************* */

INSERT INTO PLAN (CODIGO_PLAN,NOMBRE,ENTIDAD_FINANCIADORA) VALUES ('PEUR','PLAN EUROPEO UNIVERSIDADES REGIONALES','BBVA');
INSERT INTO PLAN (CODIGO_PLAN,NOMBRE,ENTIDAD_FINANCIADORA) VALUES ('SOCRATES','PLAN SOCRATES','CICYT');
INSERT INTO PLAN (CODIGO_PLAN,NOMBRE,ENTIDAD_FINANCIADORA) VALUES ('PLAN2002','PLAN 2002','COMUNIDAD DE MADRID');

INSERT INTO PROYECTO (CODIGO_PROYECTO,CODIGO_PLAN,NOMBRE,FECHA_INICIO,FECHA_FIN,PRESUPUESTO) VALUES ('PE','PEUR','EURO PROYECTO','20/07/2007','06/08/2008',120000);
INSERT INTO PROYECTO (CODIGO_PROYECTO,CODIGO_PLAN,NOMBRE,FECHA_INICIO,FECHA_FIN,PRESUPUESTO) VALUES ('PF','PEUR','FOLRE','17/04/2008','23/11/2008',480000);
INSERT INTO PROYECTO (CODIGO_PROYECTO,CODIGO_PLAN,NOMBRE,FECHA_INICIO,FECHA_FIN,PRESUPUESTO) VALUES ('SN','SOCRATES','NEPTUNO','04/04/2008','15/12/2008',80000);
INSERT INTO PROYECTO (CODIGO_PROYECTO,CODIGO_PLAN,NOMBRE,FECHA_INICIO,FECHA_FIN,PRESUPUESTO) VALUES ('SP','SOCRATES','PLUTON','15/03/2006','30/08/2008',150000);
INSERT INTO PROYECTO (CODIGO_PROYECTO,CODIGO_PLAN,NOMBRE,FECHA_INICIO,FECHA_FIN,PRESUPUESTO) VALUES ('PK','PLAN2002','KYBELE','20/01/2002','30/05/2003',200000);
INSERT INTO PROYECTO (CODIGO_PROYECTO,CODIGO_PLAN,NOMBRE,FECHA_INICIO,FECHA_FIN,PRESUPUESTO) VALUES ('PM','PLAN2002','MDA','01/08/2002','30/09/2003',160000);
INSERT INTO PROYECTO (CODIGO_PROYECTO,CODIGO_PLAN,NOMBRE,FECHA_INICIO,FECHA_FIN,PRESUPUESTO) VALUES ('PB','PLAN2002','BDI','01/11/2002','30/01/2004',4900);

INSERT INTO INVESTIGADOR (DNI_INVESTIGADOR,NOMBRE,CIUDAD,TELEFONO) VALUES ('11111111A','ANA LLEONART GONZALEZ','BARCELONA','222222222221');
INSERT INTO INVESTIGADOR (DNI_INVESTIGADOR,NOMBRE,CIUDAD,TELEFONO) VALUES ('21111111B','JOAQUIN HERNANDEZ GOMEZ','MADRID','222222222222');
INSERT INTO INVESTIGADOR (DNI_INVESTIGADOR,NOMBRE,CIUDAD,TELEFONO) VALUES ('31111111C','JAVIER CARRILLO BLANCO','MADRID','222222222223');
INSERT INTO INVESTIGADOR (DNI_INVESTIGADOR,NOMBRE,CIUDAD,TELEFONO) VALUES ('41111111D','ISRAEL ENRIQUE SANCHEZ','LA CORUÑA','222222222224');
INSERT INTO INVESTIGADOR (DNI_INVESTIGADOR,NOMBRE,CIUDAD,TELEFONO) VALUES ('51111111E','ALBERTO GARCIA BAILEY','MADRID','222222222225');
INSERT INTO INVESTIGADOR (DNI_INVESTIGADOR,NOMBRE,CIUDAD,TELEFONO) VALUES ('61111111F','JESUS REDONDO RODRIGUEZ','TARRAGONA','222222222226');
INSERT INTO INVESTIGADOR (DNI_INVESTIGADOR,NOMBRE,CIUDAD,TELEFONO) VALUES ('71111111G','JORGE MARTIN MENDEZ','VALLADOLID','222222222227');
INSERT INTO INVESTIGADOR (DNI_INVESTIGADOR,NOMBRE,CIUDAD,TELEFONO) VALUES ('81111111H','RAQUEL HUERTAS MADRID','MADRID','222222222228');
INSERT INTO INVESTIGADOR (DNI_INVESTIGADOR,NOMBRE,CIUDAD,TELEFONO) VALUES ('91111111I','ALEXANDRA FERNANDEZ HERRANZ','CUENCA','222222222229');
INSERT INTO INVESTIGADOR (DNI_INVESTIGADOR,NOMBRE,CIUDAD,TELEFONO) VALUES ('10111111J','YAIZA MENDIETA SALTO','MADRID','222222222230');
INSERT INTO INVESTIGADOR (DNI_INVESTIGADOR,NOMBRE,CIUDAD,TELEFONO) VALUES ('11111111K','EVA GALLEGO MOLINA','BARCELONA','222222222231');
INSERT INTO INVESTIGADOR (DNI_INVESTIGADOR,NOMBRE,CIUDAD,TELEFONO) VALUES ('12111111L','NOELIA APARICIO LLORENZ','LA CORUÑA','222222222232');
INSERT INTO INVESTIGADOR (DNI_INVESTIGADOR,NOMBRE,CIUDAD,TELEFONO) VALUES ('13111111M','MARIA VICTORIA GONZALEZ MUNOZ','MADRID','222222222233');
INSERT INTO INVESTIGADOR (DNI_INVESTIGADOR,NOMBRE,CIUDAD,TELEFONO) VALUES ('14111111N','JESUS SANCHEZ MIRA','BARCELONA','222222222234');
INSERT INTO INVESTIGADOR (DNI_INVESTIGADOR,NOMBRE,CIUDAD,TELEFONO) VALUES ('15111111O','LILIANA CANO PEREZ','MADRID','222222222235');
INSERT INTO INVESTIGADOR (DNI_INVESTIGADOR,NOMBRE,CIUDAD,TELEFONO) VALUES ('16111111P','JOSE RAMON NEGRO PARDO','MADRID','222222222236');
INSERT INTO INVESTIGADOR (DNI_INVESTIGADOR,NOMBRE,CIUDAD,TELEFONO) VALUES ('17111111R','ISRAEL HERRERO FERNANDEZ','LA CORUÑA','222222222237');
INSERT INTO INVESTIGADOR (DNI_INVESTIGADOR,NOMBRE,CIUDAD,TELEFONO) VALUES ('18111111S','ANA MARIA LOPEZ PORRES','SORIA','222222222238');
INSERT INTO INVESTIGADOR (DNI_INVESTIGADOR,NOMBRE,CIUDAD,TELEFONO) VALUES ('19111111T','CAROLINA PEREZ SANCHEZ','MADRID','222222222239');

INSERT INTO ASIGNADO_A (CODIGO_PROYECTO,DNI_INVESTIGADOR,FECHA_INICIO,FECHA_FIN,TIPO_PARTICIPACION) VALUES ('PE','21111111B','20/07/2007','06/08/2008','PRINCIPAL');
INSERT INTO ASIGNADO_A (CODIGO_PROYECTO,DNI_INVESTIGADOR,FECHA_INICIO,FECHA_FIN,TIPO_PARTICIPACION) VALUES ('PE','11111111A','20/10/2007','06/08/2008','TIEMPO COMPLETO');
INSERT INTO ASIGNADO_A (CODIGO_PROYECTO,DNI_INVESTIGADOR,FECHA_INICIO,FECHA_FIN,TIPO_PARTICIPACION) VALUES ('PE','31111111C','20/10/2007','06/08/2008','TIEMPO COMPLETO');
INSERT INTO ASIGNADO_A (CODIGO_PROYECTO,DNI_INVESTIGADOR,FECHA_INICIO,FECHA_FIN,TIPO_PARTICIPACION) VALUES ('PE','19111111T','20/10/2007','06/08/2008','TIEMPO PARCIAL');
INSERT INTO ASIGNADO_A (CODIGO_PROYECTO,DNI_INVESTIGADOR,FECHA_INICIO,FECHA_FIN,TIPO_PARTICIPACION) VALUES ('PE','14111111N','20/10/2007','06/08/2008','TIEMPO PARCIAL');
INSERT INTO ASIGNADO_A (CODIGO_PROYECTO,DNI_INVESTIGADOR,FECHA_INICIO,FECHA_FIN,TIPO_PARTICIPACION) VALUES ('PE','81111111H','20/10/2007','06/08/2008','TIEMPO PARCIAL');
INSERT INTO ASIGNADO_A (CODIGO_PROYECTO,DNI_INVESTIGADOR,FECHA_INICIO,FECHA_FIN,TIPO_PARTICIPACION) VALUES ('PE','12111111L','20/12/2007','06/05/2008','BECARIO FPI');
INSERT INTO ASIGNADO_A (CODIGO_PROYECTO,DNI_INVESTIGADOR,FECHA_INICIO,FECHA_FIN,TIPO_PARTICIPACION) VALUES ('PE','61111111F','20/12/2007','06/05/2008','BECARIO FPI');

INSERT INTO ASIGNADO_A (CODIGO_PROYECTO,DNI_INVESTIGADOR,FECHA_INICIO,FECHA_FIN,TIPO_PARTICIPACION) VALUES ('PF','61111111F','17/04/2008','23/11/2008','PRINCIPAL');
INSERT INTO ASIGNADO_A (CODIGO_PROYECTO,DNI_INVESTIGADOR,FECHA_INICIO,FECHA_FIN,TIPO_PARTICIPACION) VALUES ('PF','12111111L','17/04/2008','23/11/2008','PRINCIPAL');
INSERT INTO ASIGNADO_A (CODIGO_PROYECTO,DNI_INVESTIGADOR,FECHA_INICIO,FECHA_FIN,TIPO_PARTICIPACION) VALUES ('PF','91111111I','17/07/2008','23/11/2008','TIEMPO COMPLETO');
INSERT INTO ASIGNADO_A (CODIGO_PROYECTO,DNI_INVESTIGADOR,FECHA_INICIO,FECHA_FIN,TIPO_PARTICIPACION) VALUES ('PF','81111111H','17/07/2008','23/11/2008','TIEMPO PARCIAL');

INSERT INTO ASIGNADO_A (CODIGO_PROYECTO,DNI_INVESTIGADOR,FECHA_INICIO,FECHA_FIN,TIPO_PARTICIPACION) VALUES ('SN','41111111D','04/04/2008','15/12/2008','PRINCIPAL');
INSERT INTO ASIGNADO_A (CODIGO_PROYECTO,DNI_INVESTIGADOR,FECHA_INICIO,FECHA_FIN,TIPO_PARTICIPACION) VALUES ('SN','12111111L','04/04/2008','15/12/2008','PRINCIPAL');
INSERT INTO ASIGNADO_A (CODIGO_PROYECTO,DNI_INVESTIGADOR,FECHA_INICIO,FECHA_FIN,TIPO_PARTICIPACION) VALUES ('SN','51111111E','04/05/2008','15/12/2008','TIEMPO COMPLETO');
INSERT INTO ASIGNADO_A (CODIGO_PROYECTO,DNI_INVESTIGADOR,FECHA_INICIO,FECHA_FIN,TIPO_PARTICIPACION) VALUES ('SN','81111111H','04/05/2008','15/12/2008','TIEMPO COMPLETO');
INSERT INTO ASIGNADO_A (CODIGO_PROYECTO,DNI_INVESTIGADOR,FECHA_INICIO,FECHA_FIN,TIPO_PARTICIPACION) VALUES ('SN','13111111M','04/05/2008','15/12/2008','TIEMPO PARCIAL');
INSERT INTO ASIGNADO_A (CODIGO_PROYECTO,DNI_INVESTIGADOR,FECHA_INICIO,FECHA_FIN,TIPO_PARTICIPACION) VALUES ('SN','17111111R','04/05/2008','15/12/2008','TIEMPO PARCIAL');

INSERT INTO ASIGNADO_A (CODIGO_PROYECTO,DNI_INVESTIGADOR,FECHA_INICIO,FECHA_FIN,TIPO_PARTICIPACION) VALUES ('SP','17111111R','15/03/2006','30/08/2008','PRINCIPAL');
INSERT INTO ASIGNADO_A (CODIGO_PROYECTO,DNI_INVESTIGADOR,FECHA_INICIO,FECHA_FIN,TIPO_PARTICIPACION) VALUES ('SP','91111111I','15/03/2006','30/08/2008','PRINCIPAL');
INSERT INTO ASIGNADO_A (CODIGO_PROYECTO,DNI_INVESTIGADOR,FECHA_INICIO,FECHA_FIN,TIPO_PARTICIPACION) VALUES ('SP','11111111K','15/03/2006','30/08/2008','PRINCIPAL');
INSERT INTO ASIGNADO_A (CODIGO_PROYECTO,DNI_INVESTIGADOR,FECHA_INICIO,FECHA_FIN,TIPO_PARTICIPACION) VALUES ('SP','12111111L','15/03/2006','30/08/2008','TIEMPO COMPLETO');
INSERT INTO ASIGNADO_A (CODIGO_PROYECTO,DNI_INVESTIGADOR,FECHA_INICIO,FECHA_FIN,TIPO_PARTICIPACION) VALUES ('SP','14111111N','15/03/2006','30/08/2008','TIEMPO COMPLETO');
INSERT INTO ASIGNADO_A (CODIGO_PROYECTO,DNI_INVESTIGADOR,FECHA_INICIO,FECHA_FIN,TIPO_PARTICIPACION) VALUES ('SP','16111111P','15/03/2006','30/08/2008','TIEMPO PARCIAL');
INSERT INTO ASIGNADO_A (CODIGO_PROYECTO,DNI_INVESTIGADOR,FECHA_INICIO,FECHA_FIN,TIPO_PARTICIPACION) VALUES ('SP','18111111S','15/03/2006','30/08/2008','TIEMPO PARCIAL');
INSERT INTO ASIGNADO_A (CODIGO_PROYECTO,DNI_INVESTIGADOR,FECHA_INICIO,FECHA_FIN,TIPO_PARTICIPACION) VALUES ('SP','10111111J','15/03/2006','30/08/2008','BECARIO FPI');
INSERT INTO ASIGNADO_A (CODIGO_PROYECTO,DNI_INVESTIGADOR,FECHA_INICIO,FECHA_FIN,TIPO_PARTICIPACION) VALUES ('SP','81111111H','15/03/2006','30/08/2008','BECARIO FPI');
INSERT INTO ASIGNADO_A (CODIGO_PROYECTO,DNI_INVESTIGADOR,FECHA_INICIO,FECHA_FIN,TIPO_PARTICIPACION) VALUES ('SP','61111111F','15/03/2006','30/08/2008','BECARIO FPI');

INSERT INTO ASIGNADO_A (CODIGO_PROYECTO,DNI_INVESTIGADOR,FECHA_INICIO,FECHA_FIN,TIPO_PARTICIPACION) VALUES ('PK','61111111F','20/01/2002','30/05/2003','PRINCIPAL');
INSERT INTO ASIGNADO_A (CODIGO_PROYECTO,DNI_INVESTIGADOR,FECHA_INICIO,FECHA_FIN,TIPO_PARTICIPACION) VALUES ('PK','81111111H','20/01/2002','30/05/2003','PRINCIPAL');

INSERT INTO ASIGNADO_A (CODIGO_PROYECTO,DNI_INVESTIGADOR,FECHA_INICIO,FECHA_FIN,TIPO_PARTICIPACION) VALUES ('PM','19111111T','01/08/2002','30/09/2003','PRINCIPAL');
INSERT INTO ASIGNADO_A (CODIGO_PROYECTO,DNI_INVESTIGADOR,FECHA_INICIO,FECHA_FIN,TIPO_PARTICIPACION) VALUES ('PM','18111111S','01/08/2002','30/09/2003','TIEMPO COMPLETO');
INSERT INTO ASIGNADO_A (CODIGO_PROYECTO,DNI_INVESTIGADOR,FECHA_INICIO,FECHA_FIN,TIPO_PARTICIPACION) VALUES ('PM','16111111P','01/08/2002','30/09/2003','TIEMPO PARCIAL');
INSERT INTO ASIGNADO_A (CODIGO_PROYECTO,DNI_INVESTIGADOR,FECHA_INICIO,FECHA_FIN,TIPO_PARTICIPACION) VALUES ('PM','81111111H','01/08/2002','30/09/2003','TIEMPO PARCIAL');
INSERT INTO ASIGNADO_A (CODIGO_PROYECTO,DNI_INVESTIGADOR,FECHA_INICIO,FECHA_FIN,TIPO_PARTICIPACION) VALUES ('PM','15111111O','01/08/2002','30/09/2003','BECARIO FPI');

INSERT INTO ASIGNADO_A (CODIGO_PROYECTO,DNI_INVESTIGADOR,FECHA_INICIO,FECHA_FIN,TIPO_PARTICIPACION) VALUES ('PB','91111111I','01/11/2002','30/01/2004','PRINCIPAL');
INSERT INTO ASIGNADO_A (CODIGO_PROYECTO,DNI_INVESTIGADOR,FECHA_INICIO,FECHA_FIN,TIPO_PARTICIPACION) VALUES ('PB','81111111H','01/11/2002','30/01/2004','PRINCIPAL');
INSERT INTO ASIGNADO_A (CODIGO_PROYECTO,DNI_INVESTIGADOR,FECHA_INICIO,FECHA_FIN,TIPO_PARTICIPACION) VALUES ('PB','14111111N','01/11/2002','30/01/2004','TIEMPO COMPLETO');
INSERT INTO ASIGNADO_A (CODIGO_PROYECTO,DNI_INVESTIGADOR,FECHA_INICIO,FECHA_FIN,TIPO_PARTICIPACION) VALUES ('PB','11111111A','01/11/2002','30/01/2004','TIEMPO COMPLETO');
INSERT INTO ASIGNADO_A (CODIGO_PROYECTO,DNI_INVESTIGADOR,FECHA_INICIO,FECHA_FIN,TIPO_PARTICIPACION) VALUES ('PB','11111111K','01/11/2002','30/01/2004','TIEMPO PARCIAL');
INSERT INTO ASIGNADO_A (CODIGO_PROYECTO,DNI_INVESTIGADOR,FECHA_INICIO,FECHA_FIN,TIPO_PARTICIPACION) VALUES ('PB','12111111L','01/11/2002','30/01/2004','TIEMPO PARCIAL');
INSERT INTO ASIGNADO_A (CODIGO_PROYECTO,DNI_INVESTIGADOR,FECHA_INICIO,FECHA_FIN,TIPO_PARTICIPACION) VALUES ('PB','17111111R','01/11/2002','30/01/2004','BECARIO FPI');
INSERT INTO ASIGNADO_A (CODIGO_PROYECTO,DNI_INVESTIGADOR,FECHA_INICIO,FECHA_FIN,TIPO_PARTICIPACION) VALUES ('PB','19111111T','01/11/2002','30/01/2004','BECARIO FPI');

/* ************************************************************************************* */
/* CONFIRMACIÓN DE LA TRANSACCIÓN */
/* ************************************************************************************* */

COMMIT;