
REM ******** TABLA NOTAS_ALUMNOS: ***********

ALTER SESSION SET NLS_DATE_FORMAT='DD/MM/YYYY';

Drop table notas_alumnos cascade constraints;

create table notas_alumnos
 (
   NOMBRE_ALUMNO VARCHAR2(25) NOT NULL ,
   nota1 number(2),
   nota2 number(2),
   nota3 number(2)
 ) ;
 
insert into NOTAS_ALUMNOS VALUES ('Alcalde Garcia, M. Luisa',5,5,5);
insert into NOTAS_ALUMNOS VALUES ('Benito Martin, Luis',7,6,8);
insert into NOTAS_ALUMNOS VALUES ('Casas Martinez, Manuel',7,5,5);
insert into NOTAS_ALUMNOS VALUES ('Corregidor Sanchez, Ana',6,9,8);
insert into NOTAS_ALUMNOS VALUES ('Diaz Sanchez, Maria',NULL,NULL,7);
COMMIT;

REM ******** TABLA LIBRERIA: *************

Drop table LIBRERIA cascade constraints;

create table LIBRERIA
 (TEMA CHAR(15) NOT NULL ,
  ESTANTE CHAR(1),
  EJEMPLARES NUMBER(2)
 ) ;

INSERT INTO LIBRERIA VALUES ('Informatica', 'A',15);
INSERT INTO LIBRERIA VALUES ('Economia',    'A',10);
INSERT INTO LIBRERIA VALUES ('Deportes',    'B',8);
INSERT INTO LIBRERIA VALUES ('Filosofia',   'C',7);
INSERT INTO LIBRERIA VALUES ('Dibujo',      'C',10);
INSERT INTO LIBRERIA VALUES ('Medicina',    'C',16);
INSERT INTO LIBRERIA VALUES ('Biologia',    'A',11);
INSERT INTO LIBRERIA VALUES ('Geologia',    'D',7);
INSERT INTO LIBRERIA VALUES ('Sociedad',    'D',9);
INSERT INTO LIBRERIA VALUES ('Labores',     'B',20);
INSERT INTO LIBRERIA VALUES ('Jardineria',    'E',6);
COMMIT;

REM ******** TABLAS ALUMNOS, ASIGNATURAS, NOTAS: ***********

DROP TABLE ALUMNOS cascade constraints;

CREATE TABLE ALUMNOS
(
  DNI VARCHAR2(10) NOT NULL,
  APENOM VARCHAR2(30),
  DIREC VARCHAR2(30),
  POBLA  VARCHAR2(15),
  TELEF  VARCHAR2(10)  
) ;

DROP TABLE ASIGNATURAS cascade constraints;

CREATE TABLE ASIGNATURAS
(
  COD NUMBER(2) NOT NULL,
  NOMBRE VARCHAR2(25)
) ;

DROP TABLE NOTAS cascade constraints;

CREATE TABLE NOTAS
(
  DNI VARCHAR2(10) NOT NULL,
  COD NUMBER(2) NOT NULL,
  NOTA NUMBER(2)
) ;

INSERT INTO ASIGNATURAS VALUES (1,'Prog. Leng. Estr.');
INSERT INTO ASIGNATURAS VALUES (2,'Sist. Informaticos');
INSERT INTO ASIGNATURAS VALUES (3,'Analisis');
INSERT INTO ASIGNATURAS VALUES (4,'FOL');
INSERT INTO ASIGNATURAS VALUES (5,'RET');
INSERT INTO ASIGNATURAS VALUES (6,'Entornos Graficos');
INSERT INTO ASIGNATURAS VALUES (7,'Aplic. Entornos 4aGen');

INSERT INTO ALUMNOS VALUES
('12344345','Alcalde Garcia, Elena', 'C/Las Matas, 24','Madrid','917766545');

INSERT INTO ALUMNOS VALUES
('4448242','Cerrato Vela, Luis', 'C/Mina 28 - 3A', 'Madrid','916566545');

INSERT INTO ALUMNOS VALUES
('56882942','Diaz Fernandez, Maria', 'C/Luis Vives 25', 'Mostoles','915577545');

INSERT INTO NOTAS VALUES('12344345', 1,6);
INSERT INTO NOTAS VALUES('12344345', 2,5);
INSERT INTO NOTAS VALUES('12344345', 3,6);

INSERT INTO NOTAS VALUES('4448242', 4,6);
INSERT INTO NOTAS VALUES('4448242', 5,8);
INSERT INTO NOTAS VALUES('4448242', 6,4);
INSERT INTO NOTAS VALUES('4448242', 7,5);

INSERT INTO NOTAS VALUES('56882942', 4,8);
INSERT INTO NOTAS VALUES('56882942', 5,7);
INSERT INTO NOTAS VALUES('56882942', 6,8);
INSERT INTO NOTAS VALUES('56882942', 7,9);

COMMIT;
REM ********** TABLA MISTEXTOS: *************

DROP TABLE MISTEXTOS cascade constraints; 

CREATE TABLE MISTEXTOS (
 TITULO  VARCHAR2(32),
 AUTOR   VARCHAR2(22),
 EDITORIAL VARCHAR2(15), 
 PAGINA  NUMBER(3)
 ) ;

INSERT INTO MISTEXTOS VALUES ('METODOLOGIA DE LA PROGRAMACION.', 
'ALCALDE, GARCIA', 'MCGRAWHILL',140);
INSERT INTO MISTEXTOS VALUES ('"INFORMATICA BASICA."', 'GARCIA GARCERON', 'PARANINFO',130);
INSERT INTO MISTEXTOS VALUES ('SISTEMAS OPERATIVOS', 'J.F. GARCIA', 'OBSBORNE',300);
INSERT INTO MISTEXTOS VALUES ('SISTEMAS DIGITALES.', 'M.A. RUIZ', 
'PRENTICE HALL',190);
INSERT INTO MISTEXTOS VALUES ('"MANUAL DE C."', 'M.A. RUIZ', 'MCGRAWHILL',340);

COMMIT;


REM ********** TABLA LIBROS: *************

DROP TABLE LIBROS cascade constraints; 

CREATE TABLE LIBROS (
 TITULO  VARCHAR2(32),
 AUTOR   VARCHAR2(22),
 EDITORIAL VARCHAR2(15), 
 PAGINA  NUMBER(3)
 );

INSERT INTO LIBROS VALUES ('LA COLMENA', 'CELA, CAMILO JOSE', 'PLANETA',240);
INSERT INTO LIBROS VALUES ('LA HISTORIA DE MI HIJO', 'GORDIMER, NADINE', 'TIEM.MODERNOS',327);
INSERT INTO LIBROS VALUES ('LA MIRADA DEL OTRO', 'G.DELGADO, FERNANDO', 'PLANETA',298);
INSERT INTO LIBROS VALUES ('ULTIMAS TARDES CON TERESA','MARSE, JUAN', 'CIRCULO',350);
INSERT INTO LIBROS VALUES ('LA NOVELA DE P. ANSUREZ', 
'TORRENTE B., GONZALO', 'PLANETA',162);
COMMIT;

REM ********** TABLA NACIMIENTOS:******************

DROP TABLE NACIMIENTOS cascade constraints; 



CREATE TABLE NACIMIENTOS (
 NOMBRE CHAR(15),
 APELLIDO CHAR(15),
 FECHANAC DATE,
 EDAD NUMBER
 ) ;


INSERT INTO NACIMIENTOS VALUES ('PEDRO', 'SANCHEZ','12/05/1982', 17);
INSERT INTO NACIMIENTOS VALUES ('JUAN', 'JIMENEZ','23/08/1982', 17);
INSERT INTO NACIMIENTOS VALUES ('MARIA', 'LOPEZ','02/02/1983', 16);
INSERT INTO NACIMIENTOS VALUES ('CLARA', 'LASECA','20/05/1985', 14);
COMMIT;


REM ********** FIN *************************
